<?xml version="1.0" encoding="UTF-8"?>
<transformation>
    <info>
        <name>grupoEmpresarial</name>
        <description/>
        <extended_description/>
        <trans_version/>
        <trans_type>Normal</trans_type>
        <directory>&#x2f;</directory>
        <parameters>
        </parameters>
        <log>
            <trans-log-table>
                <connection/>
                <schema/>
                <table/>
                <size_limit_lines/>
                <interval/>
                <timeout_days/>
                <field>
                    <id>ID_BATCH</id>
                    <enabled>Y</enabled>
                    <name>ID_BATCH</name>
                </field>
                <field>
                    <id>CHANNEL_ID</id>
                    <enabled>Y</enabled>
                    <name>CHANNEL_ID</name>
                </field>
                <field>
                    <id>TRANSNAME</id>
                    <enabled>Y</enabled>
                    <name>TRANSNAME</name>
                </field>
                <field>
                    <id>STATUS</id>
                    <enabled>Y</enabled>
                    <name>STATUS</name>
                </field>
                <field>
                    <id>LINES_READ</id>
                    <enabled>Y</enabled>
                    <name>LINES_READ</name>
                    <subject/>
                </field>
                <field>
                    <id>LINES_WRITTEN</id>
                    <enabled>Y</enabled>
                    <name>LINES_WRITTEN</name>
                    <subject/>
                </field>
                <field>
                    <id>LINES_UPDATED</id>
                    <enabled>Y</enabled>
                    <name>LINES_UPDATED</name>
                    <subject/>
                </field>
                <field>
                    <id>LINES_INPUT</id>
                    <enabled>Y</enabled>
                    <name>LINES_INPUT</name>
                    <subject/>
                </field>
                <field>
                    <id>LINES_OUTPUT</id>
                    <enabled>Y</enabled>
                    <name>LINES_OUTPUT</name>
                    <subject/>
                </field>
                <field>
                    <id>LINES_REJECTED</id>
                    <enabled>Y</enabled>
                    <name>LINES_REJECTED</name>
                    <subject/>
                </field>
                <field>
                    <id>ERRORS</id>
                    <enabled>Y</enabled>
                    <name>ERRORS</name>
                </field>
                <field>
                    <id>STARTDATE</id>
                    <enabled>Y</enabled>
                    <name>STARTDATE</name>
                </field>
                <field>
                    <id>ENDDATE</id>
                    <enabled>Y</enabled>
                    <name>ENDDATE</name>
                </field>
                <field>
                    <id>LOGDATE</id>
                    <enabled>Y</enabled>
                    <name>LOGDATE</name>
                </field>
                <field>
                    <id>DEPDATE</id>
                    <enabled>Y</enabled>
                    <name>DEPDATE</name>
                </field>
                <field>
                    <id>REPLAYDATE</id>
                    <enabled>Y</enabled>
                    <name>REPLAYDATE</name>
                </field>
                <field>
                    <id>LOG_FIELD</id>
                    <enabled>Y</enabled>
                    <name>LOG_FIELD</name>
                </field>
                <field>
                    <id>EXECUTING_SERVER</id>
                    <enabled>N</enabled>
                    <name>EXECUTING_SERVER</name>
                </field>
                <field>
                    <id>EXECUTING_USER</id>
                    <enabled>N</enabled>
                    <name>EXECUTING_USER</name>
                </field>
                <field>
                    <id>CLIENT</id>
                    <enabled>N</enabled>
                    <name>CLIENT</name>
                </field>
            </trans-log-table>
            <perf-log-table>
                <connection/>
                <schema/>
                <table/>
                <interval/>
                <timeout_days/>
                <field>
                    <id>ID_BATCH</id>
                    <enabled>Y</enabled>
                    <name>ID_BATCH</name>
                </field>
                <field>
                    <id>SEQ_NR</id>
                    <enabled>Y</enabled>
                    <name>SEQ_NR</name>
                </field>
                <field>
                    <id>LOGDATE</id>
                    <enabled>Y</enabled>
                    <name>LOGDATE</name>
                </field>
                <field>
                    <id>TRANSNAME</id>
                    <enabled>Y</enabled>
                    <name>TRANSNAME</name>
                </field>
                <field>
                    <id>STEPNAME</id>
                    <enabled>Y</enabled>
                    <name>STEPNAME</name>
                </field>
                <field>
                    <id>STEP_COPY</id>
                    <enabled>Y</enabled>
                    <name>STEP_COPY</name>
                </field>
                <field>
                    <id>LINES_READ</id>
                    <enabled>Y</enabled>
                    <name>LINES_READ</name>
                </field>
                <field>
                    <id>LINES_WRITTEN</id>
                    <enabled>Y</enabled>
                    <name>LINES_WRITTEN</name>
                </field>
                <field>
                    <id>LINES_UPDATED</id>
                    <enabled>Y</enabled>
                    <name>LINES_UPDATED</name>
                </field>
                <field>
                    <id>LINES_INPUT</id>
                    <enabled>Y</enabled>
                    <name>LINES_INPUT</name>
                </field>
                <field>
                    <id>LINES_OUTPUT</id>
                    <enabled>Y</enabled>
                    <name>LINES_OUTPUT</name>
                </field>
                <field>
                    <id>LINES_REJECTED</id>
                    <enabled>Y</enabled>
                    <name>LINES_REJECTED</name>
                </field>
                <field>
                    <id>ERRORS</id>
                    <enabled>Y</enabled>
                    <name>ERRORS</name>
                </field>
                <field>
                    <id>INPUT_BUFFER_ROWS</id>
                    <enabled>Y</enabled>
                    <name>INPUT_BUFFER_ROWS</name>
                </field>
                <field>
                    <id>OUTPUT_BUFFER_ROWS</id>
                    <enabled>Y</enabled>
                    <name>OUTPUT_BUFFER_ROWS</name>
                </field>
            </perf-log-table>
            <channel-log-table>
                <connection/>
                <schema/>
                <table/>
                <timeout_days/>
                <field>
                    <id>ID_BATCH</id>
                    <enabled>Y</enabled>
                    <name>ID_BATCH</name>
                </field>
                <field>
                    <id>CHANNEL_ID</id>
                    <enabled>Y</enabled>
                    <name>CHANNEL_ID</name>
                </field>
                <field>
                    <id>LOG_DATE</id>
                    <enabled>Y</enabled>
                    <name>LOG_DATE</name>
                </field>
                <field>
                    <id>LOGGING_OBJECT_TYPE</id>
                    <enabled>Y</enabled>
                    <name>LOGGING_OBJECT_TYPE</name>
                </field>
                <field>
                    <id>OBJECT_NAME</id>
                    <enabled>Y</enabled>
                    <name>OBJECT_NAME</name>
                </field>
                <field>
                    <id>OBJECT_COPY</id>
                    <enabled>Y</enabled>
                    <name>OBJECT_COPY</name>
                </field>
                <field>
                    <id>REPOSITORY_DIRECTORY</id>
                    <enabled>Y</enabled>
                    <name>REPOSITORY_DIRECTORY</name>
                </field>
                <field>
                    <id>FILENAME</id>
                    <enabled>Y</enabled>
                    <name>FILENAME</name>
                </field>
                <field>
                    <id>OBJECT_ID</id>
                    <enabled>Y</enabled>
                    <name>OBJECT_ID</name>
                </field>
                <field>
                    <id>OBJECT_REVISION</id>
                    <enabled>Y</enabled>
                    <name>OBJECT_REVISION</name>
                </field>
                <field>
                    <id>PARENT_CHANNEL_ID</id>
                    <enabled>Y</enabled>
                    <name>PARENT_CHANNEL_ID</name>
                </field>
                <field>
                    <id>ROOT_CHANNEL_ID</id>
                    <enabled>Y</enabled>
                    <name>ROOT_CHANNEL_ID</name>
                </field>
            </channel-log-table>
            <step-log-table>
                <connection/>
                <schema/>
                <table/>
                <timeout_days/>
                <field>
                    <id>ID_BATCH</id>
                    <enabled>Y</enabled>
                    <name>ID_BATCH</name>
                </field>
                <field>
                    <id>CHANNEL_ID</id>
                    <enabled>Y</enabled>
                    <name>CHANNEL_ID</name>
                </field>
                <field>
                    <id>LOG_DATE</id>
                    <enabled>Y</enabled>
                    <name>LOG_DATE</name>
                </field>
                <field>
                    <id>TRANSNAME</id>
                    <enabled>Y</enabled>
                    <name>TRANSNAME</name>
                </field>
                <field>
                    <id>STEPNAME</id>
                    <enabled>Y</enabled>
                    <name>STEPNAME</name>
                </field>
                <field>
                    <id>STEP_COPY</id>
                    <enabled>Y</enabled>
                    <name>STEP_COPY</name>
                </field>
                <field>
                    <id>LINES_READ</id>
                    <enabled>Y</enabled>
                    <name>LINES_READ</name>
                </field>
                <field>
                    <id>LINES_WRITTEN</id>
                    <enabled>Y</enabled>
                    <name>LINES_WRITTEN</name>
                </field>
                <field>
                    <id>LINES_UPDATED</id>
                    <enabled>Y</enabled>
                    <name>LINES_UPDATED</name>
                </field>
                <field>
                    <id>LINES_INPUT</id>
                    <enabled>Y</enabled>
                    <name>LINES_INPUT</name>
                </field>
                <field>
                    <id>LINES_OUTPUT</id>
                    <enabled>Y</enabled>
                    <name>LINES_OUTPUT</name>
                </field>
                <field>
                    <id>LINES_REJECTED</id>
                    <enabled>Y</enabled>
                    <name>LINES_REJECTED</name>
                </field>
                <field>
                    <id>ERRORS</id>
                    <enabled>Y</enabled>
                    <name>ERRORS</name>
                </field>
                <field>
                    <id>LOG_FIELD</id>
                    <enabled>N</enabled>
                    <name>LOG_FIELD</name>
                </field>
            </step-log-table>
            <metrics-log-table>
                <connection/>
                <schema/>
                <table/>
                <timeout_days/>
                <field>
                    <id>ID_BATCH</id>
                    <enabled>Y</enabled>
                    <name>ID_BATCH</name>
                </field>
                <field>
                    <id>CHANNEL_ID</id>
                    <enabled>Y</enabled>
                    <name>CHANNEL_ID</name>
                </field>
                <field>
                    <id>LOG_DATE</id>
                    <enabled>Y</enabled>
                    <name>LOG_DATE</name>
                </field>
                <field>
                    <id>METRICS_DATE</id>
                    <enabled>Y</enabled>
                    <name>METRICS_DATE</name>
                </field>
                <field>
                    <id>METRICS_CODE</id>
                    <enabled>Y</enabled>
                    <name>METRICS_CODE</name>
                </field>
                <field>
                    <id>METRICS_DESCRIPTION</id>
                    <enabled>Y</enabled>
                    <name>METRICS_DESCRIPTION</name>
                </field>
                <field>
                    <id>METRICS_SUBJECT</id>
                    <enabled>Y</enabled>
                    <name>METRICS_SUBJECT</name>
                </field>
                <field>
                    <id>METRICS_TYPE</id>
                    <enabled>Y</enabled>
                    <name>METRICS_TYPE</name>
                </field>
                <field>
                    <id>METRICS_VALUE</id>
                    <enabled>Y</enabled>
                    <name>METRICS_VALUE</name>
                </field>
            </metrics-log-table>
        </log>
        <maxdate>
            <connection/>
            <table/>
            <field/>
            <offset>0.0</offset>
            <maxdiff>0.0</maxdiff>
        </maxdate>
        <size_rowset>10000</size_rowset>
        <sleep_time_empty>50</sleep_time_empty>
        <sleep_time_full>50</sleep_time_full>
        <unique_connections>N</unique_connections>
        <feedback_shown>Y</feedback_shown>
        <feedback_size>50000</feedback_size>
        <using_thread_priorities>Y</using_thread_priorities>
        <shared_objects_file/>
        <capture_step_performance>N</capture_step_performance>
        <step_performance_capturing_delay>1000</step_performance_capturing_delay>
        <step_performance_capturing_size_limit>100</step_performance_capturing_size_limit>
        <dependencies>
        </dependencies>
        <partitionschemas>
        </partitionschemas>
        <slaveservers>
        </slaveservers>
        <clusterschemas>
        </clusterschemas>
        <created_user>-</created_user>
        <created_date>2014&#x2f;11&#x2f;28 09&#x3a;51&#x3a;22.029</created_date>
        <modified_user>-</modified_user>
        <modified_date>2014&#x2f;11&#x2f;28 09&#x3a;51&#x3a;22.029</modified_date>
    </info>
    <notepads>
    </notepads>
    <order>
        <hop> 
            <from>REST Client</from>
            <to>Switch &#x2f; Case</to>
            <enabled>Y</enabled> 
        </hop>
        <hop> 
            <from>Switch &#x2f; Case</from>
            <to>Dummy &#x28;do nothing&#x29;</to>
            <enabled>Y</enabled> 
        </hop>
        <hop> 
            <from>Switch &#x2f; Case</from>
            <to>Text file output</to>
            <enabled>Y</enabled> 
        </hop>
        <hop> 
            <from>Modified Java Script Value</from>
            <to>REST Client</to>
            <enabled>Y</enabled> 
        </hop>
        <hop> 
            <from>Microsoft Excel Input</from>
            <to>Json output</to>
            <enabled>Y</enabled> 
        </hop>
        <hop> 
            <from>Json output</from>
            <to>Modified Java Script Value</to>
            <enabled>Y</enabled> 
        </hop>
    </order>
    <step>
        <name>Dummy &#x28;do nothing&#x29;</name>
        <type>Dummy</type>
        <description/>
        <distribute>Y</distribute>
        <custom_distribution/>
        <copies>1</copies>
        <partitioning>
            <method>none</method>
            <schema_name/>
        </partitioning>
        <cluster_schema/>
        <remotesteps>   
            <input>   </input>   
            <output>   </output> 
        </remotesteps>    
        <GUI>
            <xloc>1060</xloc>
            <yloc>118</yloc>
            <draw>Y</draw>
        </GUI>
    </step>

    <step>
        <name>Microsoft Excel Input</name>
        <type>ExcelInput</type>
        <description/>
        <distribute>Y</distribute>
        <custom_distribution/>
        <copies>1</copies>
        <partitioning>
            <method>none</method>
            <schema_name/>
        </partitioning>
        <header>Y</header>
        <noempty>Y</noempty>
        <stoponempty>N</stoponempty>
        <filefield/>
        <sheetfield/>
        <sheetrownumfield/>
        <rownumfield/>
        <sheetfield/>
        <filefield/>
        <limit>0</limit>
        <encoding/>
        <add_to_result_filenames>Y</add_to_result_filenames>
        <accept_filenames>N</accept_filenames>
        <accept_field/>
        <accept_stepname/>
        <file>
            <name>&#x24;&#x7b;Internal.Transformation.Filename.Directory&#x7d;&#x2f;..&#x2f;..&#x2f;cargaDados&#x2f;empresa&#x2f;grupoEmpresarial.xls</name>
            <filemask/>
            <exclude_filemask/>
            <file_required>N</file_required>
            <include_subfolders>N</include_subfolders>
        </file>
        <fields>
            <field>
                <name>id</name>
                <type>Integer</type>
                <length>-1</length>
                <precision>-1</precision>
                <trim_type>none</trim_type>
                <repeat>N</repeat>
                <format/>
                <currency/>
                <decimal/>
                <group/>
            </field>
            <field>
                <name>codigo</name>
                <type>Integer</type>
                <length>-1</length>
                <precision>-1</precision>
                <trim_type>none</trim_type>
                <repeat>N</repeat>
                <format/>
                <currency/>
                <decimal/>
                <group/>
            </field>
            <field>
                <name>nome</name>
                <type>String</type>
                <length>-1</length>
                <precision>-1</precision>
                <trim_type>none</trim_type>
                <repeat>N</repeat>
                <format/>
                <currency/>
                <decimal/>
                <group/>
            </field>
        </fields>
        <sheets>
            <sheet>
                <name>dados</name>
                <startrow>0</startrow>
                <startcol>0</startcol>
            </sheet>
        </sheets>
        <strict_types>N</strict_types>
        <error_ignored>N</error_ignored>
        <error_line_skipped>N</error_line_skipped>
        <bad_line_files_destination_directory/>
        <bad_line_files_extension>warning</bad_line_files_extension>
        <error_line_files_destination_directory/>
        <error_line_files_extension>error</error_line_files_extension>
        <line_number_files_destination_directory/>
        <line_number_files_extension>line</line_number_files_extension>
        <shortFileFieldName/>
        <pathFieldName/>
        <hiddenFieldName/>
        <lastModificationTimeFieldName/>
        <uriNameFieldName/>
        <rootUriNameFieldName/>
        <extensionFieldName/>
        <sizeFieldName/>
        <spreadsheet_type>POI</spreadsheet_type>
        <cluster_schema/>
        <remotesteps>   
            <input>   </input>   
            <output>   </output> 
        </remotesteps>    
        <GUI>
            <xloc>138</xloc>
            <yloc>118</yloc>
            <draw>Y</draw>
        </GUI>
    </step>

    <step>
        <name>Modified Java Script Value</name>
        <type>ScriptValueMod</type>
        <description/>
        <distribute>Y</distribute>
        <custom_distribution/>
        <copies>1</copies>
        <partitioning>
            <method>none</method>
            <schema_name/>
        </partitioning>
        <compatible>N</compatible>
        <optimizationLevel>9</optimizationLevel>
        <jsScripts>      
            <jsScript>        
                <jsScript_type>0</jsScript_type>
                <jsScript_name>Script 1</jsScript_name>
                <jsScript_script>&#x2f;&#x2f;corrige payload&#xa;var payloadCorrigido &#x3d; replace&#x28;payload,&#x22;&#x3a;&#x5c;&#x5c;&#x5b;&#x22;,&#x22;&#x3a;&#x22;&#x29;&#x3b;&#xa;payloadCorrigido &#x3d; replace&#x28;payloadCorrigido,&#x22;&#x5c;&#x5c;&#x5d;&#x5c;&#x5c;&#x7d;&#x22;,&#x22;&#x5c;&#x5c;&#x7d;&#x22;&#x29;&#x3b;&#xa;var contentType &#x3d; &#x22;application&#x2f;json&#x22;&#x3b;</jsScript_script>
            </jsScript>    
        </jsScripts>    
        <fields>      
            <field>        
                <name>payloadCorrigido</name>
                <rename>payloadCorrigido</rename>
                <type>String</type>
                <length>-1</length>
                <precision>-1</precision>
                <replace>N</replace>
            </field>      
            <field>        
                <name>contentType</name>
                <rename>contentType</rename>
                <type>String</type>
                <length>-1</length>
                <precision>-1</precision>
                <replace>N</replace>
            </field>    
        </fields>     
        <cluster_schema/>
        <remotesteps>   
            <input>   </input>   
            <output>   </output> 
        </remotesteps>    
        <GUI>
            <xloc>486</xloc>
            <yloc>118</yloc>
            <draw>Y</draw>
        </GUI>
    </step>

    <step>
        <name>REST Client</name>
        <type>Rest</type>
        <description/>
        <distribute>Y</distribute>
        <custom_distribution/>
        <copies>1</copies>
        <partitioning>
            <method>none</method>
            <schema_name/>
        </partitioning>
        <applicationType>JSON</applicationType>
        <method>POST</method>
        <url>http&#x3a;&#x2f;&#x2f;10.30.80.254&#x3a;9763&#x2f;services&#x2f;ds&#x2f;empresa&#x2f;GrupoEmpresarial.HTTPEndpoint&#x2f;createWithId</url>
        <urlInField>N</urlInField>
        <dynamicMethod>N</dynamicMethod>
        <methodFieldName/>
        <urlField/>
        <bodyField>payloadCorrigido</bodyField>
        <httpLogin/>
        <httpPassword/>
        <httpPassword>Encrypted </httpPassword>
        <proxyHost/>
        <proxyPort/>
        <preemptive>N</preemptive>
        <trustStoreFile/>
        <trustStorePassword/>
        <headers>
            <header>
                <field>contentType</field>
                <name>Accept</name>
            </header>
        </headers>
        <parameters>
        </parameters>
        <result>
            <name>result</name>
            <code>httpStatus</code>
            <response_time>responseTime</response_time>
        </result>
        <cluster_schema/>
        <remotesteps>   
            <input>   </input>   
            <output>   </output> 
        </remotesteps>    
        <GUI>
            <xloc>659</xloc>
            <yloc>118</yloc>
            <draw>Y</draw>
        </GUI>
    </step>

    <step>
        <name>Switch &#x2f; Case</name>
        <type>SwitchCase</type>
        <description/>
        <distribute>Y</distribute>
        <custom_distribution/>
        <copies>1</copies>
        <partitioning>
            <method>none</method>
            <schema_name/>
        </partitioning>
        <fieldname>httpStatus</fieldname>
        <use_contains>N</use_contains>
        <case_value_type>Integer</case_value_type>
        <case_value_format/>
        <case_value_decimal/>
        <case_value_group/>
        <default_target_step>Text file output</default_target_step>
        <cases>
            <case>
                <value>200</value>
                <target_step>Dummy &#x28;do nothing&#x29;</target_step>
            </case>
            <case>
                <value>202</value>
                <target_step>Dummy &#x28;do nothing&#x29;</target_step>
            </case>
        </cases>     
        <cluster_schema/>
        <remotesteps>   
            <input>   </input>   
            <output>   </output> 
        </remotesteps>    
        <GUI>
            <xloc>832</xloc>
            <yloc>118</yloc>
            <draw>Y</draw>
        </GUI>
    </step>

    <step>
        <name>Text file output</name>
        <type>TextFileOutput</type>
        <description/>
        <distribute>Y</distribute>
        <custom_distribution/>
        <copies>1</copies>
        <partitioning>
            <method>none</method>
            <schema_name/>
        </partitioning>
        <separator>&#x7c;</separator>
        <enclosure>&#x27;</enclosure>
        <enclosure_forced>N</enclosure_forced>
        <enclosure_fix_disabled>N</enclosure_fix_disabled>
        <header>Y</header>
        <footer>N</footer>
        <format>DOS</format>
        <compression>None</compression>
        <encoding/>
        <endedLine/>
        <fileNameInField>N</fileNameInField>
        <fileNameField/>
        <create_parent_folder>Y</create_parent_folder>
        <file>
            <name>&#x24;&#x7b;Internal.Transformation.Filename.Directory&#x7d;&#x2f;..&#x2f;log</name>
            <is_command>N</is_command>
            <servlet_output>N</servlet_output>
            <do_not_open_new_file_init>N</do_not_open_new_file_init>
            <extention>txt</extention>
            <append>Y</append>
            <split>N</split>
            <haspartno>N</haspartno>
            <add_date>N</add_date>
            <add_time>N</add_time>
            <SpecifyFormat>N</SpecifyFormat>
            <date_time_format/>
            <add_to_result_filenames>Y</add_to_result_filenames>
            <pad>N</pad>
            <fast_dump>N</fast_dump>
            <splitevery>0</splitevery>
        </file>
        <fields>
            <field>
                <name>id</name>
                <type>Integer</type>
                <format/>
                <currency/>
                <decimal/>
                <group/>
                <nullif/>
                <trim_type>none</trim_type>
                <length>-1</length>
                <precision>0</precision>
            </field>
            <field>
                <name>codigo</name>
                <type>Integer</type>
                <format/>
                <currency/>
                <decimal/>
                <group/>
                <nullif/>
                <trim_type>none</trim_type>
                <length>-1</length>
                <precision>0</precision>
            </field>
            <field>
                <name>nome</name>
                <type>String</type>
                <format/>
                <currency/>
                <decimal/>
                <group/>
                <nullif/>
                <trim_type>none</trim_type>
                <length>-1</length>
                <precision>-1</precision>
            </field>
            <field>
                <name>result</name>
                <type>String</type>
                <format/>
                <currency/>
                <decimal/>
                <group/>
                <nullif/>
                <trim_type>none</trim_type>
                <length>-1</length>
                <precision>-1</precision>
            </field>
            <field>
                <name>httpStatus</name>
                <type>Integer</type>
                <format>&#x23;&#x3b;-&#x23;</format>
                <currency/>
                <decimal>,</decimal>
                <group>.</group>
                <nullif/>
                <trim_type>none</trim_type>
                <length>-1</length>
                <precision>0</precision>
            </field>
            <field>
                <name>responseTime</name>
                <type>Integer</type>
                <format>&#x23;&#x3b;-&#x23;</format>
                <currency/>
                <decimal>,</decimal>
                <group>.</group>
                <nullif/>
                <trim_type>none</trim_type>
                <length>-1</length>
                <precision>0</precision>
            </field>
        </fields>
        <cluster_schema/>
        <remotesteps>   
            <input>   </input>   
            <output>   </output> 
        </remotesteps>    
        <GUI>
            <xloc>1062</xloc>
            <yloc>230</yloc>
            <draw>Y</draw>
        </GUI>
    </step>

    <step>
        <name>Json output</name>
        <type>JsonOutput</type>
        <description/>
        <distribute>Y</distribute>
        <custom_distribution/>
        <copies>1</copies>
        <partitioning>
            <method>none</method>
            <schema_name/>
        </partitioning>
        <outputValue>payload</outputValue>
        <jsonBloc>_postcreatewithid</jsonBloc>
        <nrRowsInBloc>1</nrRowsInBloc>
        <operation_type>outputvalue</operation_type>
        <compatibility_mode>N</compatibility_mode>
        <encoding>UTF-8</encoding>
        <addtoresult>N</addtoresult>
        <file>
            <name/>
            <extention>js</extention>
            <append>N</append>
            <split>N</split>
            <haspartno>N</haspartno>
            <add_date>N</add_date>
            <add_time>N</add_time>
            <create_parent_folder>N</create_parent_folder>
            <DoNotOpenNewFileInit>N</DoNotOpenNewFileInit>
            <servlet_output>N</servlet_output>
        </file>
        <fields>
            <field>
                <name>id</name>
                <element>id</element>
            </field>
            <field>
                <name>codigo</name>
                <element>codigo</element>
            </field>
            <field>
                <name>nome</name>
                <element>nome</element>
            </field>
        </fields>
        <cluster_schema/>
        <remotesteps>   
            <input>   </input>   
            <output>   </output> 
        </remotesteps>    
        <GUI>
            <xloc>296</xloc>
            <yloc>118</yloc>
            <draw>Y</draw>
        </GUI>
    </step>

    <step_error_handling>
    </step_error_handling>
    <slave-step-copy-partition-distribution>
    </slave-step-copy-partition-distribution>
    <slave_transformation>N</slave_transformation>

</transformation>