<tela classe="Cfop">
    <lista>
        <tabela>
            <coluna ref="codigo" tamanho="2"/>
            <coluna ref="nome" tamanho="7"/>
            <coluna ref="tipoOperacao" tamanho="1">
                <titulo>Tipo</titulo>
            </coluna>
            <coluna ref="analitico" tamanho="1" />
            <coluna ref="entrada" tamanho="1" />
        </tabela>
        <toolbar>
            <filtro ref="superior" />
        </toolbar>
    </lista>
    <editor>
        <grupo>
            <titulo>Dados Principais</titulo>
            <linha>
                <coluna ref="codigo" tamanho="2" />
                <coluna ref="superior" tamanho="10" />
            </linha>
            <linha>
                 <coluna ref="nome" />
            </linha>
            <linha>
                 <coluna ref="descricao">
                     <titulo>Descrição Detalhada</titulo>
                 </coluna>
            </linha>
        </grupo>
        <grupo>
            <titulo ref="configuracoes">Configurações</titulo>
            <linha>
                <coluna ref="tipoOperacao" />
                <coluna ref="analitico" />
                <coluna ref="entrada" />
            </linha>
        </grupo>
    </editor>
</tela>
