{
    "nome": "menuPrincipalSistema",
    "aviso": "Menu principal de implantação do sistema",
    "titulo": "Menu Principal do Sistema",
    "menuItemList": [
        {
            "nome": "financas",
            "aviso": "Opções do financeiro",
            "icone": "fa-money",
            "titulo": "Finanças",
            "menuItemList": [
                {
                    "nome": "titulos",
                    "icone": "fa-money",
                    "aviso": "Títulos do Financeiro",
                    "titulo": "Títulos",
                    "menuItemList": [
                        {
                            "nome": "acertoContas",
                            "aviso": "Conferência de lançamento nas contas",
                            "titulo": "Acerto de Contas"
                        }
                    ]
                },
                {
                    "nome": "banco",
                    "icone": "fa-money",
                    "titulo": "Banco",
                    "menuItemList": [
                        {
                            "nome": "movimentosBancarios",
                            "aviso": "Usado para efetuar a movimentação bancária da empresa",
                            "titulo": "Movimentos bancários"
                        }
                    ]
                }            
            ]
        },
        {
            "nome": "cadastros",
            "aviso": "Cadastros auxiliares do sistema",
            "icone": "fa-money",
            "titulo": "Cadastros",
            "menuItemList": [
                {
                    "nome": "pessoa",
                    "icone": "fa-users",
                    "titulo": "Pessoas",
                    "menuItemList": [
                        {
                            "nome": "pais",
                            "aviso": "Cadastro dos países usados no sistema",
                            "titulo": "País",
                            "tela": { "nome": "paisTelaSimples" }
                        }
                    ]
                },
                {
                    "nome": "banco",
                    "icone": "fa-money",
                    "titulo": "Banco",
                    "menuItemList": [
                        {
                            "nome": "movimentosBancarios",
                            "aviso": "Usado para efetuar a movimentação bancária da empresa",
                            "titulo": "Movimentos bancários"
                        }
                    ]
                }            
            ]
        }
    ]
}